<metadata>
	<title><![CDATA[Expanded Multiverse]]></title>
	<threadUrl><![CDATA[ ]]></threadUrl>
	<author><![CDATA[ Nauter and Willow ]]></author>
	<version><![CDATA[ 0.6.1 ]]></version>
	<description>
<![CDATA[
An addon that focuses on expanding the idea of Renegades.

These additions include:

More tutorial-esque ships that provide simple gameplay for some of the new features introduced by Vanilla Multiverse.

New sectors that serve as pseudo-resting points for travellers to patch themselves up and stock up on supplies and/or accept quests

Extra fanon lore that is well within MV's territory, not too outlandish but not too dull.

Credits:

Nauter - Lead Developer and ship designer 
InsayneBoko - Weapon art
Willow L.M - Creative direction and ship layout making
Lizzard - Musical direction
Alder - Programming and creative assistance
DarkieZ, Harmony, Evil PepperPlayz, leland, MsBinaryLily, Qaser7, SillySandvich and Vasyan - Playtesting and Quality Control
]]>
	</description>
</metadata>