<?xml version="1.0" encoding="UTF-8"?>

<!--Copyright (c) 2012 by Subset Games. All rights reserved.-->
<img x="-106" y="-23" w="543" h="308" />
<offsets>
	<floor x="100" y="18" />
	<cloak x="-25" y="-25" />
</offsets>
<weaponMounts>
	<mount x="442" y="46" rotate="true" mirror="true" gib="-1" slide="up" />
	<mount x="463" y="278" rotate="true" mirror="false" gib="-1" slide="down" />
	<mount x="337" y="10" rotate="true" mirror="true" gib="-1" slide="up" />
	<mount x="522" y="206" rotate="true" mirror="false" gib="-1" slide="right" />
</weaponMounts>
<explosion />

