<?xml version="1.0" encoding="UTF-8"?>

<!--Copyright (c) 2012 by Subset Games. All rights reserved.-->
<img x="-61" y="-53" w="630" h="348" />
<offsets>
	<floor x="57" y="49" />
	<cloak x="-10" y="-10" />
</offsets>
<weaponMounts>
	<mount x="523" y="85" rotate="true" mirror="true" gib="-1" slide="up" />
	<mount x="560" y="249" rotate="true" mirror="false" gib="-1" slide="down" />
	<mount x="308" y="49" rotate="true" mirror="true" gib="-1" slide="up" />
	<mount x="319" y="308" rotate="true" mirror="false" gib="-1" slide="down" />
</weaponMounts>
<explosion />

