<?xml version="1.0" encoding="UTF-8"?>

<!--Copyright (c) 2012 by Subset Games. All rights reserved.-->
<img x="-106" y="-88" w="511" h="491" />
<offsets>
	<floor x="100" y="82" />
	<cloak x="-7" y="4" />
</offsets>
<weaponMounts>
	<mount x="230" y="45" rotate="true" mirror="false" gib="-1" slide="right" />
	<mount x="230" y="446" rotate="true" mirror="true" gib="-1" slide="right" />
	<mount x="420" y="217" rotate="true" mirror="true" gib="-1" slide="up" />
	<mount x="420" y="274" rotate="true" mirror="false" gib="-1" slide="down" />
	<mount x="508" y="239" rotate="true" mirror="false" gib="-1" slide="no" />
</weaponMounts>
<explosion />

