<?xml version="1.0" encoding="UTF-8"?>

<!--Copyright (c) 2012 by Subset Games. All rights reserved.-->
<img x="-33" y="-13" w="277" h="490" />
<offsets>
	<floor x="138" y="245" />
	<cloak x="138" y="245" />
</offsets>
<weaponMounts>
	<mount x="31" y="73" rotate="false" mirror="true" gib="-1" slide="left" />
	<mount x="246" y="73" rotate="false" mirror="false" gib="-1" slide="right" />
	<mount x="1" y="179" rotate="false" mirror="true" gib="-1" slide="left" />
	<mount x="276" y="179" rotate="false" mirror="false" gib="-1" slide="right" />
	<mount x="100" y="0" rotate="false" mirror="true" gib="-1" slide="up" />
	<mount x="177" y="0" rotate="false" mirror="false" gib="-1" slide="up" />
</weaponMounts>
<explosion />

