<?xml version="1.0" encoding="UTF-8"?>

<!--Copyright (c) 2012 by Subset Games. All rights reserved.-->
<img x="-61" y="-65" w="488" h="410" />
<offsets>
	<floor x="55" y="59" />
	<cloak x="-25" y="-25" />
</offsets>
<weaponMounts>
	<mount x="406" y="57" rotate="true" mirror="true" gib="-1" slide="up" />
	<mount x="406" y="353" rotate="true" mirror="false" gib="-1" slide="down" />
	<mount x="313" y="17" rotate="true" mirror="true" gib="-1" slide="up" />
	<mount x="313" y="393" rotate="true" mirror="false" gib="-1" slide="down" />
</weaponMounts>
<explosion />

