<?xml version="1.0" encoding="UTF-8"?>

<!--Copyright (c) 2012 by Subset Games. All rights reserved.-->
<img x="-102" y="-68" w="580" h="487" />
<offsets>
	<floor x="96" y="62" />
	<cloak x="-25" y="-25" />
</offsets>
<weaponMounts>
	<mount x="450" y="178" rotate="true" mirror="true" gib="-1" slide="up" />
	<mount x="450" y="309" rotate="true" mirror="false" gib="-1" slide="down" />
	<mount x="400" y="6" rotate="true" mirror="true" gib="-1" slide="up" />
	<mount x="400" y="481" rotate="true" mirror="false" gib="-1" slide="down" />
</weaponMounts>
<explosion />

