<?xml version="1.0" encoding="UTF-8"?>

<!--Copyright (c) 2012 by Subset Games. All rights reserved.-->
<img x="-50" y="-32" w="469" h="347" />
<offsets>
	<floor x="44" y="26" />
	<cloak x="-20" y="-20" />
</offsets>
<weaponMounts>
	<mount x="448" y="37" rotate="true" mirror="true" gib="-1" slide="right" />
	<mount x="448" y="310" rotate="true" mirror="false" gib="-1" slide="right" />
	<mount x="372" y="119" rotate="true" mirror="true" gib="-1" slide="up" />
	<mount x="372" y="226" rotate="true" mirror="false" gib="-1" slide="down" />
</weaponMounts>
<explosion />

