<?xml version="1.0" encoding="UTF-8"?>

<!--Copyright (c) 2012 by Subset Games. All rights reserved.-->
<img x="-113" y="-85" w="715" h="521" />
<offsets>
	<floor x="107" y="79" />
	<cloak x="-25" y="-25" />
</offsets>
<weaponMounts>
	<mount x="527" y="115" rotate="true" mirror="true" gib="-1" slide="up" />
	<mount x="527" y="406" rotate="true" mirror="false" gib="-1" slide="down" />
	<mount x="198" y="46" rotate="true" mirror="true" gib="-1" slide="up" />
	<mount x="198" y="475" rotate="true" mirror="false" gib="-1" slide="down" />
</weaponMounts>
<explosion />

