<?xml version="1.0" encoding="UTF-8"?>

<!--Copyright (c) 2012 by Subset Games. All rights reserved.-->
<img x="-29" y="-41" w="410" h="488" />
<offsets>
	<floor x="205" y="244" />
	<cloak x="-25" y="-25" />
</offsets>
<weaponMounts>
	<mount x="60" y="79" rotate="false" mirror="true" gib="-1" slide="left" />
	<mount x="343" y="59" rotate="false" mirror="false" gib="-1" slide="right" />
	<mount x="14" y="178" rotate="false" mirror="true" gib="-1" slide="left" />
	<mount x="393" y="178" rotate="false" mirror="false" gib="-1" slide="right" />
</weaponMounts>
<explosion />

