<?xml version="1.0" encoding="UTF-8"?>

<!--Copyright (c) 2012 by Subset Games. All rights reserved.-->
<img x="-100" y="-138" w="544" h="557" />
<offsets>
	<floor x="94" y="132" />
	<cloak x="-25" y="-25" />
</offsets>
<weaponMounts>
	<mount x="480" y="184" rotate="true" mirror="true" gib="-1" slide="up" />
	<mount x="480" y="373" rotate="true" mirror="false" gib="-1" slide="down" />
	<mount x="371" y="148" rotate="true" mirror="true" gib="-1" slide="up" />
	<mount x="371" y="409" rotate="true" mirror="false" gib="-1" slide="down" />
</weaponMounts>
<explosion />

