<?xml version="1.0" encoding="UTF-8"?>

<!--Copyright (c) 2012 by Subset Games. All rights reserved.-->
<img x="-130" y="-33" w="611" h="488" />
<offsets>
	<floor x="124" y="27" />
	<cloak x="-25" y="-25" />
</offsets>
<weaponMounts>
	<mount x="512" y="136" rotate="true" mirror="true" gib="-1" slide="up" />
	<mount x="512" y="352" rotate="true" mirror="false" gib="-1" slide="down" />
	<mount x="424" y="109" rotate="true" mirror="true" gib="-1" slide="up" />
	<mount x="424" y="382" rotate="true" mirror="false" gib="-1" slide="down" />
	<mount x="362" y="25" rotate="true" mirror="true" gib="-1" slide="right" />
	<mount x="365" y="456" rotate="true" mirror="false" gib="-1" slide="right" />
</weaponMounts>
<explosion />

