<?xml version="1.0" encoding="UTF-8"?>

<!--Copyright (c) 2012 by Subset Games. All rights reserved.-->
<img x="-194" y="-15" w="591" h="380" />
<offsets>
	<floor x="188" y="9" />
	<cloak x="-25" y="-25" />
</offsets>
<weaponMounts>
	<mount x="433" y="52" rotate="true" mirror="true" gib="-1" slide="up" />
	<mount x="407" y="329" rotate="true" mirror="false" gib="-1" slide="down" />
	<mount x="550" y="251" rotate="true" mirror="false" gib="-1" slide="down" />
</weaponMounts>
<explosion />

