<?xml version="1.0" encoding="UTF-8"?>

<!--Copyright (c) 2012 by Subset Games. All rights reserved.-->
<img x="-49" y="-54" w="341" h="402" />
<offsets>
	<floor x="172" y="201" />
	<cloak x="0" y="0" />
</offsets>
<weaponMounts>
	<mount x="299" y="61" rotate="false" mirror="false" gib="-1" slide="right" />
	<mount x="36" y="100" rotate="false" mirror="true" gib="-1" slide="left" />
	<mount x="310" y="260" rotate="false" mirror="false" gib="-1" slide="right" />
	<mount x="178" y="58" rotate="false" mirror="true" gib="-1" slide="up" />
</weaponMounts>
<explosion />

