<?xml version="1.0" encoding="UTF-8"?>

<!--Copyright (c) 2012 by Subset Games. All rights reserved.-->
<img x="-83" y="-29" w="498" h="478" />
<offsets>
	<floor x="77" y="23" />
	<cloak x="-24" y="-25" />
</offsets>
<weaponMounts>
	<mount x="455" y="113" rotate="true" mirror="false" gib="-1" slide="right" />
	<mount x="455" y="365" rotate="true" mirror="true" gib="-1" slide="right" />
	<mount x="492" y="68" rotate="true" mirror="true" gib="-1" slide="right" />
	<mount x="492" y="411" rotate="true" mirror="false" gib="-1" slide="right" />
	<mount x="465" y="256" rotate="true" mirror="true" gib="-1" slide="no" />
</weaponMounts>
<explosion />

