<?xml version="1.0" encoding="UTF-8"?>

<!--Copyright (c) 2012 by Subset Games. All rights reserved.-->
<img x="-93" y="-26" w="501" h="437" />
<offsets>
	<floor x="87" y="20" />
	<cloak x="-25" y="-25" />
</offsets>
<weaponMounts>
	<mount x="444" y="103" rotate="true" mirror="true" gib="-1" slide="up" />
	<mount x="442" y="334" rotate="true" mirror="false" gib="-1" slide="down" />
	<mount x="229" y="3" rotate="true" mirror="true" gib="-1" slide="up" />
	<mount x="229" y="435" rotate="true" mirror="false" gib="-1" slide="down" />
</weaponMounts>
<explosion />

