<?xml version="1.0" encoding="UTF-8"?>

<!--Copyright (c) 2012 by Subset Games. All rights reserved.-->
<img x="-48" y="-59" w="521" h="470" />
<offsets>
	<floor x="42" y="53" />
	<cloak x="-6" y="-6" />
</offsets>
<weaponMounts>
	<mount x="420" y="60" rotate="true" mirror="true" gib="-1" slide="up" />
	<mount x="420" y="410" rotate="true" mirror="false" gib="-1" slide="down" />
	<mount x="506" y="197" rotate="true" mirror="true" gib="-1" slide="up" />
	<mount x="506" y="273" rotate="true" mirror="false" gib="-1" slide="down" />
	<mount x="508" y="253" rotate="true" mirror="true" gib="-1" slide="no" />
</weaponMounts>
<explosion />

