<?xml version="1.0" encoding="UTF-8"?>

<!--Copyright (c) 2012 by Subset Games. All rights reserved.-->
<img x="-17" y="-24" w="206" h="374" />
<offsets>
	<floor x="103" y="187" />
	<cloak x="103" y="187" />
</offsets>
<weaponMounts>
	<mount x="2" y="148" rotate="false" mirror="true" gib="-1" slide="left" />
	<mount x="201" y="84" rotate="false" mirror="false" gib="-1" slide="right" />
	<mount x="103" y="8" rotate="false" mirror="true" gib="-1" slide="up" />
	<mount x="44" y="71" rotate="false" mirror="true" gib="-1" slide="left" />
</weaponMounts>
<explosion />

