<?xml version="1.0" encoding="UTF-8"?>

<!--Copyright (c) 2012 by Subset Games. All rights reserved.-->
<img x="-120" y="-33" w="490" h="277" />
<offsets>
	<floor x="114" y="27" />
	<cloak x="-25" y="-25" />
</offsets>
<weaponMounts>
	<mount x="313" y="3" rotate="true" mirror="true" gib="-1" slide="up" />
	<mount x="313" y="274" rotate="true" mirror="false" gib="-1" slide="down" />
	<mount x="410" y="25" rotate="true" mirror="true" gib="-1" slide="up" />
	<mount x="410" y="252" rotate="true" mirror="false" gib="-1" slide="down" />
	<mount x="471" y="69" rotate="true" mirror="true" gib="-1" slide="right" />
	<mount x="471" y="209" rotate="true" mirror="false" gib="-1" slide="right" />
</weaponMounts>
<explosion />

