<?xml version="1.0" encoding="UTF-8"?>

<!--Copyright (c) 2012 by Subset Games. All rights reserved.-->
<img x="-210" y="-26" w="541" h="334" />
<offsets>
	<floor x="204" y="20" />
	<cloak x="-24" y="-25" />
</offsets>
<weaponMounts>
	<mount x="486" y="3" rotate="true" mirror="true" gib="-1" slide="up" />
	<mount x="486" y="330" rotate="true" mirror="false" gib="-1" slide="down" />
	<mount x="389" y="4" rotate="true" mirror="true" gib="-1" slide="up" />
	<mount x="389" y="329" rotate="true" mirror="false" gib="-1" slide="down" />
</weaponMounts>
<explosion />

