<?xml version="1.0" encoding="UTF-8"?>

<!--Copyright (c) 2012 by Subset Games. All rights reserved.-->
<img x="-26" y="-12" w="528" h="480" />
<offsets>
	<floor x="20" y="6" />
	<cloak x="-25" y="-25" />
</offsets>
<weaponMounts>
	<mount x="438" y="180" rotate="true" mirror="true" gib="-1" slide="up" />
	<mount x="438" y="300" rotate="true" mirror="false" gib="-1" slide="down" />
	<mount x="395" y="86" rotate="true" mirror="true" gib="-1" slide="up" />
	<mount x="395" y="394" rotate="true" mirror="false" gib="-1" slide="down" />
</weaponMounts>
<explosion />

