<?xml version="1.0" encoding="UTF-8"?>

<!--Copyright (c) 2012 by Subset Games. All rights reserved.-->
<img x="-13" y="-10" w="511" h="371" />
<offsets>
	<floor x="7" y="4" />
	<cloak x="-25" y="-25" />
</offsets>
<weaponMounts>
	<mount x="403" y="67" rotate="true" mirror="true" gib="-1" slide="up" />
	<mount x="403" y="304" rotate="true" mirror="false" gib="-1" slide="down" />
	<mount x="267" y="1" rotate="true" mirror="true" gib="-1" slide="up" />
	<mount x="302" y="370" rotate="true" mirror="false" gib="-1" slide="down" />
	<mount x="493" y="185" rotate="true" mirror="false" gib="-1" slide="no" />
</weaponMounts>
<explosion />

