<?xml version="1.0" encoding="UTF-8"?>

<!--Copyright (c) 2012 by Subset Games. All rights reserved.-->
<img x="-172" y="-150" w="619" h="619" />
<offsets>
	<floor x="166" y="144" />
	<cloak x="0" y="84" />
</offsets>
<weaponMounts>
	<mount x="580" y="209" rotate="true" mirror="true" gib="-1" slide="right" />
	<mount x="580" y="412" rotate="true" mirror="false" gib="-1" slide="right" />
	<mount x="558" y="387" rotate="true" mirror="true" gib="-1" slide="up" />
	<mount x="558" y="234" rotate="true" mirror="false" gib="-1" slide="down" />
</weaponMounts>
<explosion />

