<?xml version="1.0" encoding="UTF-8"?>

<!--Copyright (c) 2012 by Subset Games. All rights reserved.-->
<img x="-67" y="-77" w="650" h="469" />
<offsets>
	<floor x="61" y="71" />
	<cloak x="0" y="-6" />
</offsets>
<weaponMounts>
	<mount x="243" y="74" rotate="true" mirror="true" gib="-1" slide="right" />
	<mount x="243" y="396" rotate="true" mirror="false" gib="-1" slide="right" />
	<mount x="173" y="50" rotate="true" mirror="true" gib="-1" slide="up" />
	<mount x="159" y="423" rotate="true" mirror="false" gib="-1" slide="down" />
</weaponMounts>
<explosion />

