<?xml version="1.0" encoding="UTF-8"?>

<!--Copyright (c) 2012 by Subset Games. All rights reserved.-->
<img x="-57" y="-23" w="556" h="362" />
<offsets>
	<floor x="51" y="17" />
	<cloak x="-25" y="-25" />
</offsets>
<weaponMounts>
	<mount x="482" y="77" rotate="true" mirror="true" gib="3" slide="up" />
	<mount x="482" y="285" rotate="true" mirror="false" gib="3" slide="down" />
	<mount x="260" y="36" rotate="true" mirror="true" gib="6" slide="up" />
	<mount x="260" y="326" rotate="true" mirror="false" gib="7" slide="down" />
</weaponMounts>
<explosion>
	<gib1>
		<velocity min="0.25" max="0.84" />
		<direction min="104" max="120" />
		<angular min="-0.64" max="0.64" />
		<x>0</x>
		<y>171</y>
	</gib1>
	<gib2>
		<velocity min="0.13" max="0.43" />
		<direction min="235" max="251" />
		<angular min="-0.62" max="0.62" />
		<x>276</x>
		<y>146</y>
	</gib2>
	<gib3>
		<velocity min="0.28" max="0.95" />
		<direction min="262" max="278" />
		<angular min="-0.71" max="0.71" />
		<x>418</x>
		<y>74</y>
	</gib3>
	<gib4>
		<velocity min="0.19" max="0.62" />
		<direction min="292" max="308" />
		<angular min="-0.78" max="0.78" />
		<x>290</x>
		<y>47</y>
	</gib4>
	<gib5>
		<velocity min="0.28" max="0.93" />
		<direction min="58" max="74" />
		<angular min="-0.67" max="0.67" />
		<x>0</x>
		<y>1</y>
	</gib5>
	<gib6>
		<velocity min="0.11" max="0.38" />
		<direction min="25" max="41" />
		<angular min="-0.62" max="0.62" />
		<x>143</x>
		<y>0</y>
	</gib6>
	<gib7>
		<velocity min="0.14" max="0.47" />
		<direction min="135" max="151" />
		<angular min="-0.64" max="0.64" />
		<x>112</x>
		<y>184</y>
	</gib7>
</explosion>

