<?xml version="1.0" encoding="UTF-8"?>

<!--Copyright (c) 2012 by Subset Games. All rights reserved.-->
<img x="-72" y="-81" w="566" h="511" />
<offsets>
	<floor x="283" y="255" />
	<cloak x="0" y="0" />
</offsets>
<weaponMounts>
	<mount x="240" y="67" rotate="false" mirror="true" gib="-1" slide="left" />
	<mount x="326" y="67" rotate="false" mirror="false" gib="-1" slide="right" />
	<mount x="56" y="186" rotate="false" mirror="true" gib="-1" slide="up" />
	<mount x="509" y="186" rotate="false" mirror="false" gib="-1" slide="up" />
	<mount x="209" y="52" rotate="false" mirror="true" gib="6" slide="no" />
	<mount x="357" y="52" rotate="false" mirror="false" gib="6" slide="no" />
	<mount x="477" y="98" rotate="false" mirror="true" gib="4" slide="no" />
	<mount x="122" y="98" rotate="false" mirror="true" gib="2" slide="no" />
</weaponMounts>
<explosion>
	<gib1>
		<velocity min="0.00" max="1.00" />
		<direction min="20" max="160" />
		<angular min="-1.00" max="1.00" />
		<x>28</x>
		<y>177</y>
	</gib1>
	<gib2>
		<velocity min="0.10" max="0.30" />
		<direction min="280" max="350" />
		<angular min="-1.00" max="1.00" />
		<x>39</x>
		<y>108</y>
	</gib2>
	<gib3>
		<velocity min="0.00" max="1.00" />
		<direction min="20" max="160" />
		<angular min="-1.00" max="1.00" />
		<x>407</x>
		<y>177</y>
	</gib3>
	<gib4>
		<velocity min="0.10" max="0.30" />
		<direction min="280" max="350" />
		<angular min="-1.00" max="1.00" />
		<x>407</x>
		<y>78</y>
	</gib4>
	<gib5>
		<velocity min="0.10" max="0.30" />
		<direction min="-112" max="16" />
		<angular min="-1.00" max="1.00" />
		<x>227</x>
		<y>25</y>
	</gib5>
	<gib6>
		<velocity min="0.10" max="0.30" />
		<direction min="-53" max="100" />
		<angular min="-1.00" max="1.00" />
		<x>67</x>
		<y>49</y>
	</gib6>
	<gib7>
		<velocity min="0.40" max="1.00" />
		<direction min="190" max="260" />
		<angular min="-0.40" max="1.00" />
		<x>185</x>
		<y>385</y>
	</gib7>
	<gib8>
		<velocity min="0.40" max="1.00" />
		<direction min="190" max="260" />
		<angular min="-0.40" max="1.00" />
		<x>185</x>
		<y>284</y>
	</gib8>
</explosion>

