<?xml version="1.0" encoding="UTF-8"?>

<!--Copyright (c) 2012 by Subset Games. All rights reserved.-->
<img x="-188" y="-129" w="600" h="606" />
<offsets>
	<floor x="182" y="123" />
	<cloak x="18" y="17" />
</offsets>
<weaponMounts>
	<mount x="460" y="178" rotate="true" mirror="true" gib="-1" slide="up" />
	<mount x="460" y="428" rotate="true" mirror="false" gib="-1" slide="down" />
	<mount x="425" y="135" rotate="true" mirror="true" gib="-1" slide="right" />
	<mount x="425" y="472" rotate="true" mirror="false" gib="-1" slide="right" />
</weaponMounts>
<explosion />

