<?xml version="1.0" encoding="UTF-8"?>

<!--Copyright (c) 2012 by Subset Games. All rights reserved.-->
<img x="-115" y="-14" w="674" h="379" />
<offsets>
	<floor x="109" y="8" />
	<cloak x="-7" y="-8" />
</offsets>
<weaponMounts>
	<mount x="264" y="2" rotate="true" mirror="true" gib="-1" slide="up" />
	<mount x="264" y="376" rotate="true" mirror="false" gib="-1" slide="down" />
	<mount x="451" y="44" rotate="true" mirror="true" gib="-1" slide="up" />
	<mount x="461" y="334" rotate="true" mirror="false" gib="-1" slide="down" />
	<mount x="615" y="189" rotate="true" mirror="true" gib="-1" slide="no" />
</weaponMounts>
<explosion />

