<?xml version="1.0" encoding="UTF-8"?>

<!--Copyright (c) 2012 by Subset Games. All rights reserved.-->
<img x="-197" y="-82" w="741" h="516" />
<offsets>
	<floor x="191" y="76" />
	<cloak x="-25" y="-25" />
</offsets>
<weaponMounts>
	<mount x="727" y="192" rotate="true" mirror="true" gib="-1" slide="up" />
	<mount x="727" y="323" rotate="true" mirror="false" gib="-1" slide="down" />
	<mount x="550" y="116" rotate="true" mirror="true" gib="-1" slide="up" />
	<mount x="550" y="400" rotate="true" mirror="false" gib="-1" slide="down" />
</weaponMounts>
<explosion />

