<event name="EMV_GILDED_SECTOR_START">
	<text>You've finally arrived at Node 17, the Federation Capital. You've heard the stories of this conflict back in Universe 0, the reality where the Multiverse tech was discovered. Now, you're about to take a part in it. Your actions here will either save or doom this reality.. or.. you'd think it would.. Its very quiet, for an active warzone.. all you can see are golden lights in the distance.</text>
	<metaVariable name="juke_laststand" op="set" val="1"/>
	<metaVariable name="prof_finalsector" op="add" val="1"/>
	<variable name="loc_laststand" op="add" val="1"/> <!-- if you somehow leave S8 after the lightspeed menu -->
	<!--<customFleet right="false" firing="false" autoDarkening="true">CUSTOM_FLEET_FED</customFleet>-->
	<changeBackground>BACK_EVENT_LASTSTAND</changeBackground>
	<playSound>lightspeed</playSound>
	<choice>
		<text>Continue...</text>
		<event>
			<text>Typically there'd be a guard to administer your entrance.. but there seems to be noone stopping you from getting close to Federation Command.</text>
			<choice>
				<text>Contact Federation command.</text>
				<event>
					<text>You straighten up and try to look rested as you wait for a response... One which never comes. You hail repeatedly expecting to hear the voice of Admiral Tully, No response. Eventually an automated message rings.

"Apologies, we are currently experiencing full evacuation as ordered by Admiral Tully of this reality, If you are hearing this you are not supposed to be here.. But you are still welcome. Come aboard if you require supplies or guidance by Admiral Tully."</text>
					<choice hidden="true">
						<text>Board the station.</text>
						<event>
                            <text>You do something you never thought you.. could do, you board the Federation Command Station, the Waypoint of Node 18. Only high ranking federation officers even can board this place formally. You wander through, the station is as deserted as the rest of it. You look in every office, your crew reporting nothing from anywhere you'd expect a commanding officer to be. You and the rest of the crew regroup near a lounge before you hear..

"Hello, are you all lost?"

You and your entire crew snap to look at who said those words, it.. it was.. Tully, Admiral of the Federation Fleet.

"The Evacuation order came a while back, I'm surprised you haven't jumped away yet." Tully says as they lounge back in a chair, overlooking space.</text>
                            <choice>
                                <text>Evacuation order..? Why are you not at the command tower?</text>
                                <event>
                                    <text>"Why would I be? The entire sector is impossible to jump into, so I've heard, the only people visiting here are people that should have by all means left already."

You explain that you jumped into the sector just fine.

"...Really? You're the only person I've heard that from. Everyone else left already, Those Golden Lights made themselves extremely clear in their orders. Warning that anyone who valued their lives should leave the sector or get as far
and as sheltered as possible.. We heeded the warnings as soon as the Rebel Flagship got annihilated into a fine mist.."</text>
<modifyPursuit amount="-999"/>
                                    <choice>
                                        <text>Ask why he's on a lounge chair.</text>
                                        <event>
                                            <text>"Looking off at the Golden Lights, They're.. strangely beautiful, all things considered. I reckon they're some weird Renegades, Never heard of them myself though or how we got in contact with them."

Tully reaches for a champagne bottle.</text>
                                            <choice>
                                                <text>What's that for?</text>
                                                <event>
                                                    <text>"I was planning on celebrating the defeat of the Rebellion with this. Admittedly.. these arent the circumstances i expected to celebrate in.. I suppose you'll want some glasses too."

Tully holds up a Communicator, asking for more glasses.</text>
                                                    <choice>
                                                        <text>There are others on this station?</text>
                                                        <event>
                                                            <text>Tully looks back up at you.

"Yes, a few. They weren't keen on leaving me here alone so there's a small staff of Federation Workers here on this station keeping it running. Pretty sure the rest have left though. Now what are you doing just standing there? Take a seat. You look exhausted."</text>
                                                            <choice>
                                                                <text>Take a seat..</text>
                                                                <event>
                                                                    <text>The chair feels.. more comfortable than anything you've ever sat on in your life.. you've forgotten such comforts.. you try not to get lost in the moment as the Golden Lights shine. You hear walking around you, the rest of the crew seem to be taking a seat too..

"So.. what are you all doing here then?"

You start to recount the tales of the Gilded Beacon and everything that led up to this. Yet you still came here..

"...I see.. You.. are heading for those lights.. and those lights just happen to be literal myths before our eyes..?"</text>
                                                                    <choice>
                                                                        <text>Yes.</text>
                                                                        <event>
                                                                            <text>"...Ah.. I.. didn't think anyone would be crazy enough to try visiting them.. You and your crew are brave, truly If i had any on hand, I'd give you medals of honor right here and now.. Actually."

Tully talks into the communicator, asking if any awards or medals are on hand at the moment.

"Stellar.."</text>
                                                                            <choice>
                                                                                <text>Continue...</text>
                                                                                <event>
                                                                                    <text>Its silent.. the entire sector appears abandoned, noone is here, Noone except for the people on this station and the golden lights.. and you with your crew.. Everyone looks tense, staring off at the lights in the distance.

Tully speaks up.

"..Do you know what to expect? What they are?"

You wish you could tell them specifics, but nothing comes to mind.. You only recount tales and the myths you've heard of them. You keep rambling until Tully cuts you off.

"I see.. From the sounds of it, odds are very slim at victory.."

You hear footsteps, a Free Mantis walks up, carrying glasses on a tray and a small box.

"Ah, brilliant, care to lend a hand?"

The Free Mantis puts the glasses on a table and excitedly runs to Tully, who then holds up the bottle.

Pop!

The Free Mantis uses its claw like a bottle opener.. You'd laugh if the situation wasn't so dire, it is still amusing though.</text>
                                                                                    <choice>
                                                                                        <text>Continue...</text>
                                                                                        <event>
                                                                                            <text>The Free Mantis runs off. Tully begins pouring drinks.

You inquire as to why there was a Free Mantis here.

"Who do you think would be that courageously stupid to still be here?"

"I suppose it won't be long till you have to head off, Wouldn't want to keep what I can only assume are Deities waiting.."</text>
                                                                                            <choice>
                                                                                                <text>Looks like it..</text>
                                                                                                <event>
                                                                                                    <text>Tully finishes pouring glasses for everyone and stands up, opening the box.

"Listen, considering it was your actions which defeated the Rebels in this reality and the bravery you showed by coming here, I am honored to give you all the highest honors i can bestow at the current moment with the given resources.."

Tully hands each of you a medal and a glass.

"Drink up. Its seemingly the last chance you'll have to for a while.. I'll make sure your names are known.."</text>
                                                                                                    <choice>
                                                                                                        <text>Give a toast.</text>
                                                                                                        <event>
                                                                                                            <text>You give a toast, to this entire mission.. and everything done along the way.. It has all led up to this, and you are going to face it with a smile.

Tully walks back with you to your cruiser, as your crew take their stations and the ship is restocked.

"...Good luck, Renegade. If you live.. Come visit me sometime, alright? I'll be cheering you on."</text>
	<reveal_map/>
	<damage amount="-15"/>
	<autoReward level="MED">standard</autoReward>
                                                                                                        <choice>
                                                                                                            <text>Continue...</text>
                                                                                                            <event load="EMV_GILDED_EMPTY"/>
                                                                                                        </choice>
                                                                                                        </event>
                                                                                                    </choice>
                                                                                                </event>
                                                                                            </choice>
                                                                                            <choice hidden="true" req="TULLY_PRESENT">
                                                                                                <text>Show Tully the package.</text>
                                                                                                <event>
                                                                                                    <text>You slide the box onto the table as Tully pours the drinks..

"...Ah..."

Tully looks up at you.

"You're that renegade.."

Tully salutes you.

"You know, that box doesn't hold anything.. yet it holds so much meaning.."

Tully begins laughing.

"Hah.. hahah.. Well, I guess we're both finding out what these lights are.."

Tully finishes pouring the drinks, you give a toast as you look back at the stars.

"I suppose this is possibly the last drink both of us will have.. I'll be with you on your ship shortly, I'll need to give the staff here orders on what to do in the case of my demise.. The Federation will be alright, if not shaken up by
my death.. Considering the Rebels have already lost this reality, it'll be alright.."

You walk back to your cruiser, with Tully shortly following with a surplus of supplies.

"...Lets go Captain, to Destiny."</text>
<remove name="TULLY_PRESENT"/>
	<variable name="ach_crew_tully" op="set" val="1"/>
	<crewMember amount="1" class="unique_tully">Tully</crewMember>
	<reveal_map/>
	<damage amount="-15"/>
	<autoReward level="MED">standard</autoReward>
                                                                                                    <choice>
                                                                                                        <text>Continue...</text>
                                                                                                        <event load="EMV_GILDED_EMPTY"/>
                                                                                                    </choice>
                                                                                                </event>
                                                                                            </choice>
                                                                                        </event>
                                                                                    </choice>
                                                                                </event>
                                                                            </choice>
                                                                        </event>
                                                                    </choice>
                                                                </event>
                                                            </choice>
                                                        </event>
                                                    </choice>
                                                </event>
                                            </choice>
                                        </event>
                                    </choice>
                                </event>
                            </choice>
                        </event>
					</choice>
				</event>
			</choice>
        </event>
    </choice>
</event>

<event name="EMV_GILDED_EMPTY">
    <revisitEvent>EMV_GILDED_REVISIT</revisitEvent>
	<text>Nothing here, just the silence and the Golden Lights..</text>
	<choice>
		<text>Do something onboard the ship.</text>
		<event load="STORAGE_CHECK"/>
	</choice>
	<choice hidden="true">
		<text>Do nothing.</text>
		<event/>
	</choice>
</event>

<textList name="EMV_GILDED_DELAY">
	<text>As you consider something to do, you realize you're being hailed a message.. it reads..

    "[style[color:ffb045]]Hurry  up.[[/style]]"</text>
	<text>As you consider something to do, you realize you're being hailed a message.. it reads..

    "[style[color:ffb045]]Continue.[[/style]]"</text>
	<text>As you consider something to do, you realize you're being hailed a message.. it reads..

    "[style[color:ffb045]]Approach.[[/style]]"</text>
	<text>As you consider something to do, you realize you're being hailed a message.. it reads..

    "[style[color:ffb045]]We are waiting..[[/style]]"</text>
	<text>As you consider something to do, you realize you're being hailed a message.. it reads..

    "[style[color:ffb045]]Don't run now.[[/style]]"</text>
    <text>As you consider something to do, you realize you're being hailed a message.. it reads..

    "[style[color:ffb045]]We're watching.[[/style]]"</text>
</textList>

<event name="EMV_GILDED_REVISIT">
    <revisitEvent>EMV_GILDED_REVISIT</revisitEvent>
    <text load="EMV_GILDED_DELAY"/>
	<item_modify>
		<item type="fuel" min="1" max="1"/>
	</item_modify>
    <choice>
        <text>Continue...</text>
        <event/>
    </choice>
</event>

<textList name="EMV_GILDED_START_REVISIT">
	<text>As you come back to the station, hoping for salvation and a way out of this sector, before you can hail for permission, you receive a hail..

    "[style[color:ffbd64]]No escape.[[/style]]"</text>
	<text>As you come back to the station, hoping for salvation and a way out of this sector, before you can hail for permission, you receive a hail..

    "[style[color:ffbd64]]Head back.[[/style]]"</text>
	<text>As you come back to the station, hoping for salvation and a way out of this sector, before you can hail for permission, you receive a hail..

    "[style[color:ffbd64]]We're not done yet.[[/style]]"</text>
	<text>As you come back to the station, hoping for salvation and a way out of this sector, before you can hail for permission, you receive a hail..

    "[style[color:ffbd64]]Let us see these white lights turn to gold..[[/style]]"</text>
	<text>As you come back to the station, hoping for salvation and a way out of this sector, before you can hail for permission, you receive a hail..

    "[style[color:ffbd64]]You can't be afraid..[[/style]]"</text>
    <text>As you come back to the station, hoping for salvation and a way out of this sector, before you can hail for permission, you receive a hail..

    "[style[color:ffbd64]]Let us welcome a golden dawn..[[/style]]"</text>
</textList>

<event name="EMV_GILDED_TULLY_REVISIT">
    <revisitEvent>EMV_GILDED_TULLY_REVISIT</revisitEvent>
    <text load="EMV_GILDED_START_REVISIT"/>
	<item_modify>
		<item type="fuel" min="1" max="1"/>
	</item_modify>
    <choice>
        <text>Continue...</text>
        <event/>
    </choice>
</event>

<event name="EMV_GILDED_LAST_STORE">
    <revisitEvent>EMV_GILDED_SYLVAN_REVISIT</revisitEvent>
	<text>As you jump in, you notice that the beacon isn't empty afterall! A familiar silhouette is set up here! Another person! its..</text>
    <choice>
        <text>Sylvan!?</text>
        <event>
            <ship load="SHIP_TRAVELING_MERCHANT_EXTREME"/>
            <text>"The one and only, ssstranger.."

Sylvan's ship comes into view properly, It's a relief seeing such a familiar sight..

"Let's get to business, eh ssstranger? I'm afraid my demand for resssourcesss isss.. very low at the moment, I doubt you'd take 1 ssscrap for 15 missssilesss!"
            </text>
            <choice>
                <text>See what he's offering.</text>
                <event>
                    <text>"Afraid I don't have much ssstock left! Thisss isss all i can offer.."</text>
	                <store>EMV_GILDED_FINAL_SYLVAN</store>
                </event>
            </choice>
            <choice>
                <text>You can't bring yourself to attack your only friend here..</text>
		        <event load="OPTION_INVALID"/>
            </choice>
        </event>
    </choice>
</event>

<textList name="EMV_GILDED_SYLV_REVISIT">
	<text>You've made it back to where Sylvan was, you hope to see his ship or any signs of him where you saw him before.. You just receive a hail..

    "[style[color:ffc369]]Not thisss time, ssstranger.. But my waresss are for you regardlesss..[[/style]]"</text>
	<text>You've made it back to where Sylvan was, you hope to see his ship or any signs of him where you saw him before.. You just receive a hail..

    "[style[color:ffc369]]Ssstranger, ssstranger. Did I witnesssss evolution and you jusssst ran back to me with your newly grown tail between your legssss? Or am I sssseing things?[[/style]]"</text>
	<text>You've made it back to where Sylvan was, you hope to see his ship or any signs of him where you saw him before.. You just receive a hail..

    "[style[color:ffc369]]Ssstranger, how many timesss do I need to teach you to not run away?[[/style]]"</text>
	<text>You've made it back to where Sylvan was, you hope to see his ship or any signs of him where you saw him before.. You just receive a hail..

    "[style[color:ffc369]]Ssstranger, I appreciate the patronage you have for your Sssylvan... I'll let it ssslide..[[/style]]"</text>
	<text>You've made it back to where Sylvan was, you hope to see his ship or any signs of him where you saw him before.. You just receive a hail..

    "[style[color:ffc369]]Ssstranger, how much more will you try preparing for thisss?[[/style]]"</text>
    <text>You've made it back to where Sylvan was, you hope to see his ship or any signs of him where you saw him before.. You just receive a hail..

    "[style[color:ffc369]]Ssstranger, Hope you underssstand what you're up againssst...[[/style]]"</text>
</textList>

<event name="EMV_GILDED_SYLVAN_REVISIT">
    <revisitEvent>EMV_GILDED_SYLVAN_REVISIT</revisitEvent>
    <text load="EMV_GILDED_SYLV_REVISIT"/>
	<item_modify>
		<item type="fuel" min="1" max="1"/>
	</item_modify>
    <choice>
        <text>Continue...</text>
        <event/>
    </choice>
</event>


<textList name="EMV_GILDED_JUDGESTEXT_REVISIT">
	<text>As you come back to the station, hoping for salvation and a way out of this sector, before you can hail for permission, you receive a hail..

    "[style[color:ffd780]]How about we judge you instead?[[/style]]"</text>
	<text>As you consider something to do, you realize you're being hailed a message.. it reads..

    "[style[color:ffd780]]Show us the fire of your resolve![[/style]]"</text>
	<text>As you consider something to do, you realize you're being hailed a message.. it reads..

    "[style[color:ffd780]]Why should we end with a whimper?![[/style]]"</text>
	<text>As you consider something to do, you realize you're being hailed a message.. it reads..

    "[style[color:ffd780]]Let us see your burning desires![[/style]]"</text>
	<text>As you consider something to do, you realize you're being hailed a message.. it reads..

    "[style[color:ffd780]]Show us your passion![[/style]]"</text>
    <text>As you consider something to do, you realize you're being hailed a message.. it reads..

    "[style[color:ffd780]]I promise you it won't hurt..[[/style]]"</text>
</textList>

<event name="EMV_GILDED_JUDGES_REVISIT">
    <revisitEvent>EMV_GILDED_JUDGES_REVISIT</revisitEvent>
    <text load="EMV_GILDED_JUDGESTEXT_REVISIT"/>
	<item_modify>
		<item type="fuel" min="1" max="1"/>
	</item_modify>
    <choice>
        <text>Continue...</text>
        <event/>
    </choice>
</event>



<event name="EMV_GILDED_THE_END">
	<beaconType text="THE END.">
		<color r="255" g="230" b="0" a="1"/>
		<unvisitedTooltip>The golden lights..</unvisitedTooltip>
	</beaconType>
    <ship load="EMV_FINAL_REBEL"/>
    <text>You've finally reached the zenith of your journey. The End is here.</text>
        <choice>
            <text>Continue...</text>
            <event>
                <text>"[style[color:ffc561]]DIE, BEYATCH![[/style]]"</text>
                <ship hostile="true"/>
            </event>
        </choice>
</event>

<event name="EMV_GILDED_LOSTSUN_START">
    <ship load="EMV_GILDED_LOSTSUN"/>
    <text>The Next ship materializes into air in front of you..</text>
        <choice>
            <text>Continue...</text>
            <event>
                <text>"[style[color:ffd780]]Square up![[/style]]"</text>
                <ship hostile="true"/>
            </event>
        </choice>
</event>

<event name="EMV_GILDED_MERCHANT_START">
    <ship load="EMV_GILDED_MERCHANT"/>
    <text>The Next ship materializes into air in front of you..</text>
        <choice>
            <text>Continue...</text>
            <event>
                <text>"[style[color:ffc369]]Ssstranger.. You're halfway, Keep going.[[/style]]"</text>
                <ship hostile="true"/>
            </event>
        </choice>
</event>

<event name="EMV_GILDED_MERCHANT_AFTERMATH">
    <text>"[style[color:ffc369]]Ssstranger.. Well done, Truly, well done... You have met our requirements with flying colors.. But can you surpass them?[[/style]]"</text>
        <choice>
            <text>Continue...</text>
            <event>
                <text>"[style[color:ffc369]]Ssstranger.. Remember, all thisss isss now isss an honorable duel.. There is no ssshame in knowing when you're beat..[[/style]]"</text>
                <jumpEvent loop="true">EMV_GILDED_CHOICE</jumpEvent>
            </event>
        </choice>
</event>

<event name="EMV_GILDED_CHOICE">
    <text>"[style[color:ffc369]]So ssstranger... What will it be?[[/style]]"</text>
        <choice>
            <text>Lets keep the fight going!</text>
            <event>
                <text>"[style[color:ffc369]]You truly are one of usss...[[/style]]"</text>
                <choice>
                    <text>Continue...</text>
                    <event load="EMV_GILDED_FINALE"/>
                </choice>
            </event>
        </choice>
        <choice>
            <text>No, I know when i'm beat.</text>
            <event>
                <text>"[style[color:ffc369]]Of courssse... In that cassse.. Meet usss on the sssurface...[[/style]]"</text>
                <choice>
                    <text>Continue...</text>
                    <event load="EMV_GILDED_VICTORY_BORING"/>
                </choice>
            </event>
        </choice>
        <choice>
            <text>Let me think...</text>
            <event>
                <text>"[style[color:ffc369]]Ssstranger.. Take your time. It'sss no russsh... well, assside from the fact it isss..[[/style]]"</text>
            </event>
        </choice>
</event>

<event name="EMV_GILDED_FINALE">
    <ship load="EMV_GILDED_FINAL"/>
    <text>The Next ship materializes into air in front of you..</text>
        <choice>
            <text>Continue...</text>
            <event>
                <text>"[style[color:ffb045]]The e[[/style]][style[color:ffbd64]]nd[[/style]][style[color:ffd780]] is n[[/style]][style[color:ffc369]]igh..[[/style]]"</text>
                <ship hostile="true"/>
            </event>
        </choice>
</event>

<event name="EMV_GILDED_VICTORY_BORING">
    <text>You begin descending to the base.. seeing the Golden Lights descending alongside you..</text>
        <choice>
            <text>Continue...</text>
            <event>
                <text>You step out of the ship, quivering at the events that had transpired... the Gilded Merchant approaches you.</text>
                <choice>
                    <text>...?</text>
                    <event>
                        <text>"[style[color:ffc369]]Well done, ssstranger.. You have shown adequacy enough to fit in our ranksss.. Although maybe.. next time try going further, m?[[/style]]"
You have no idea what he means by that.. the moment you try talking to question him he just winks at you..
"[style[color:ffc369]]Now, asss one of the headsss of the Gilded Fleet, I would like to officially designate you as one of our kin...[[/style]]"
He holds out his hand.</text>
                        <choice>
                            <text>[style[color:ffb045]]Con[[/style]][style[color:ffbd64]]tin[[/style]][style[color:ffd780]]ue.[[/style]][style[color:ffc369]]..[[/style]]</text>
                            <event>
                                <text>"[style[color:ffb045]]Wel[[/style]][style[color:ffbd64]]com[[/style]][style[color:ffd780]]e a[[/style]][style[color:ffc369]]board![[/style]]"</text>
                                <win ach="gilded" creditsText="emv_credits_gilded_tier1" text="[style[color:ffb045]]Go [[/style]][style[color:ffbd64]]fur[[/style]][style[color:ffd780]]th[[/style]][style[color:ffc369]]er..[[/style]]" creditsBackground="VICTORY_DEFAULT"/>
                            </event>
                        </choice>
                    </event>
                </choice>
            </event>
        </choice>
</event>


<ship name="EMV_FINAL_REBEL" auto_blueprint="EMV_GILDED_BEAM_MASTER">
    <destroyed>
        <text>Thank God she's gone.</text>
        <autoReward level="MED">standard</autoReward>
        <choice hidden="true">
            <text>Continue...</text>
            <event load="EMV_GILDED_LOSTSUN_START"/>
        </choice>
    </destroyed>
    <deadCrew>
        <text>Thank God she's gone.</text>
        <autoReward level="MED">standard</autoReward>
        <choice hidden="true">
            <text>Continue...</text>
            <event load="EMV_GILDED_LOSTSUN_START"/>
        </choice>
    </deadCrew>
</ship>

<ship name="EMV_GILDED_LOSTSUN" auto_blueprint="EMV_GILDED_SUN">
    <destroyed>
        <text>You're sweating as the ship annihilates before you.</text>
        <autoReward level="MED">standard</autoReward>
        <choice hidden="true">
            <text>Continue...</text>
            <event load="EMV_GILDED_MERCHANT_START"/>
        </choice>
    </destroyed>
    <deadCrew>
        <text>You're sweating as the ship annihilates before you.</text>
        <autoReward level="MED">standard</autoReward>
        <choice hidden="true">
            <text>Continue...</text>
            <event load="EMV_GILDED_MERCHANT_START"/>
        </choice>
    </deadCrew>
</ship>

<ship name="EMV_GILDED_MERCHANT" auto_blueprint="EMV_GILDED_MERCHANT">
    <destroyed>
        <text>You're sweating as the ship annihilates before you.</text>
        <autoReward level="MED">standard</autoReward>
        <choice hidden="true">
            <text>Continue...</text>
            <event load="EMV_GILDED_MERCHANT_AFTERMATH"/>
        </choice>
    </destroyed>
    <deadCrew>
        <text>You're sweating as the ship annihilates before you.</text>
        <autoReward level="MED">standard</autoReward>
        <choice hidden="true">
            <text>Continue...</text>
            <event load="EMV_GILDED_MERCHANT_AFTERMATH"/>
        </choice>
    </deadCrew>
</ship>

<ship name="EMV_GILDED_FINAL" auto_blueprint="EMV_GILDED_TRUEFLAGSHIP">
    <destroyed>
        <text>You have done it, you've won.</text>
        <autoReward level="MED">standard</autoReward>
        <choice hidden="true">
            <text>Continue...</text>
            <event load="EMV_GILDED_VICTORY_BORING"/>
        </choice>
    </destroyed>
    <deadCrew>
        <text>You have done it, you've won.</text>
        <autoReward level="MED">standard</autoReward>
        <choice hidden="true">
            <text>Continue...</text>
            <event load="EMV_GILDED_VICTORY_BORING"/>
        </choice>
    </deadCrew>
</ship>